tree,order,trial,insert_time,search_time,range_time,delete_time,splits,insert_accesses,search_accesses,range_accesses,delete_accesses,avg_search_access,avg_range_access,avg_delete_access,utilization,height,total_nodes,leaf_nodes,found_count,total_range_retrieved,deleted_count,merge_count,borrow_count,redistributions,two_to_three_splits,fallback_splits,structure_valid,correct
BTree,3,1,0.045139,0.005994,0.015795,0,31365,913363,86927,629117,16282,8.6927,629.117,8.141,63.7471,9,31374,23213,10000,72437,2000,485,2136,0,0,0,true,true
BPlusTree,3,1,0.04762,0.005754,0.019777,0.00174,38598,769436,90000,29808,18000,9,29.808,9,66.6428,9,38607,28645,10000,72437,2000,24,196,0,0,0,true,true
BStarTree,3,1,0.053997,0,0.031627,0,26934,849118,77330,559873,16119,7.733,559.873,8.0595,74.2335,8,26942,20747,10000,72437,2000,103,839,23483,9841,17093,true,true
BTree,3,2,0.051688,0.006934,0.036665,0.000999,31365,913363,86830,626178,16289,8.683,626.178,8.1445,63.7471,9,31374,23213,10000,72089,2000,511,1921,0,0,0,true,true
BPlusTree,3,2,0.056034,0.006101,0.018087,0.002003,38598,769436,90000,29683,18000,9,29.683,9,66.6428,9,38607,28645,10000,72089,2000,15,218,0,0,0,true,true
BStarTree,3,2,0.054538,0,0.03163,0,26934,849118,77320,557287,16127,7.732,557.287,8.0635,74.2335,8,26942,20747,10000,72089,2000,116,877,23483,9841,17093,true,true
BTree,3,3,0.054142,0.007864,0.035052,0.001192,31365,913363,86821,626994,16358,8.6821,626.994,8.179,63.7471,9,31374,23213,10000,72183,2000,515,1999,0,0,0,true,true
BPlusTree,3,3,0.05527,0.007241,0.02262,0.001998,38598,769436,90000,29669,18000,9,29.669,9,66.6428,9,38607,28645,10000,72183,2000,29,225,0,0,0,true,true
BStarTree,3,3,0.057483,0.004979,0.032203,0.001003,26934,849118,77342,557998,16100,7.7342,557.998,8.05,74.2335,8,26942,20747,10000,72183,2000,117,1008,23483,9841,17093,true,true
BTree,3,4,0.069073,0.008813,0.035309,0.001999,31365,913363,86940,629937,16286,8.694,629.937,8.143,63.7471,9,31374,23213,10000,72519,2000,469,2051,0,0,0,true,true
BPlusTree,3,4,0.051245,0.00265,0.015133,0.010562,38598,769436,90000,29773,18000,9,29.773,9,66.6428,9,38607,28645,10000,72519,2000,31,234,0,0,0,true,true
BStarTree,3,4,0.047541,0,0.035925,0,26934,849118,77298,560635,16109,7.7298,560.635,8.0545,74.2335,8,26942,20747,10000,72519,2000,102,839,23483,9841,17093,true,true
BTree,3,5,0.045518,0.004992,0.026404,0.000993,31365,913363,86954,630738,16273,8.6954,630.738,8.1365,63.7471,9,31374,23213,10000,72617,2000,490,2153,0,0,0,true,true
BPlusTree,3,5,0.051739,0.009998,0.018098,0.003004,38598,769436,90000,29794,18000,9,29.794,9,66.6428,9,38607,28645,10000,72617,2000,29,241,0,0,0,true,true
BStarTree,3,5,0.052515,0.006001,0.027998,0.001001,26934,849118,77279,561282,16111,7.7279,561.282,8.0555,74.2335,8,26942,20747,10000,72617,2000,113,959,23483,9841,17093,true,true
BTree,3,6,0.052027,0.008001,0.037523,0.001,31365,913363,86833,630725,16406,8.6833,630.725,8.203,63.7471,9,31374,23213,10000,72616,2000,509,2264,0,0,0,true,true
BPlusTree,3,6,0.046568,0.005,0.02052,0.002085,38598,769436,90000,29835,18000,9,29.835,9,66.6428,9,38607,28645,10000,72616,2000,17,229,0,0,0,true,true
BStarTree,3,6,0.055616,0.004999,0.027003,0.000998,26934,849118,77385,561408,16104,7.7385,561.408,8.052,74.2335,8,26942,20747,10000,72616,2000,108,878,23483,9841,17093,true,true
BTree,3,7,0.042619,0.006271,0.032238,0.000605,31365,913363,86928,630341,16230,8.6928,630.341,8.115,63.7471,9,31374,23213,10000,72568,2000,474,1847,0,0,0,true,true
BPlusTree,3,7,0.047822,0.005999,0.018213,0.002379,38598,769436,90000,29823,18000,9,29.823,9,66.6428,9,38607,28645,10000,72568,2000,23,239,0,0,0,true,true
BStarTree,3,7,0.052894,0.005102,0.026707,0,26934,849118,77321,561094,16117,7.7321,561.094,8.0585,74.2335,8,26942,20747,10000,72568,2000,118,828,23483,9841,17093,true,true
BTree,3,8,0.043861,0.005,0.030002,0.001009,31365,913363,86929,628026,16204,8.6929,628.026,8.102,63.7471,9,31374,23213,10000,72294,2000,503,2029,0,0,0,true,true
BPlusTree,3,8,0.049255,0.006111,0.020897,0.002001,38598,769436,90000,29644,18000,9,29.644,9,66.6428,9,38607,28645,10000,72294,2000,24,253,0,0,0,true,true
BStarTree,3,8,0.055578,0.005216,0.03304,0.000999,26934,849118,77205,558875,16123,7.7205,558.875,8.0615,74.2335,8,26942,20747,10000,72294,2000,116,910,23483,9841,17093,true,true
BTree,3,9,0.046921,0.005,0.028292,0.001001,31365,913363,86821,627501,16289,8.6821,627.501,8.1445,63.7471,9,31374,23213,10000,72243,2000,486,1952,0,0,0,true,true
BPlusTree,3,9,0.049493,0.006008,0.020897,0.002999,38598,769436,90000,29645,18000,9,29.645,9,66.6428,9,38607,28645,10000,72243,2000,25,227,0,0,0,true,true
BStarTree,3,9,0.04982,0.005007,0.025312,0.001,26934,849118,77344,558460,16128,7.7344,558.46,8.064,74.2335,8,26942,20747,10000,72243,2000,121,943,23483,9841,17093,true,true
BTree,3,10,0.041106,0.006003,0.027274,0.000992,31365,913363,86860,627748,16235,8.686,627.748,8.1175,63.7471,9,31374,23213,10000,72264,2000,514,1840,0,0,0,true,true
BPlusTree,3,10,0.047101,0.005006,0.021403,0.002,38598,769436,90000,29747,18000,9,29.747,9,66.6428,9,38607,28645,10000,72264,2000,30,229,0,0,0,true,true
BStarTree,3,10,0.055361,0.004999,0.032005,0.001001,26934,849118,77295,558671,16133,7.7295,558.671,8.0665,74.2335,8,26942,20747,10000,72264,2000,116,847,23483,9841,17093,true,true
BTree,5,1,0.041497,0.005002,0.029003,0.001,16591,677416,58298,422603,12057,5.8298,422.603,6.0285,66.9465,6,16597,14096,10000,72437,2000,82,1040,0,0,0,true,true
BPlusTree,5,1,0.040016,0.006001,0.019,0.002001,18565,499441,70000,18435,14000,7,18.435,7,69.2476,7,18572,15747,10000,72437,2000,3,161,0,0,0,true,true
BStarTree,5,1,0.051521,0.004511,0.022999,0.001001,14034,660204,58660,424461,12050,5.866,424.461,6.025,79.139,6,14040,12207,10000,72437,2000,11,630,28066,6489,7545,true,true
BTree,5,2,0.039528,0.004987,0.030014,0.001,16591,677416,58370,420515,12056,5.837,420.515,6.028,66.9465,6,16597,14096,10000,72089,2000,100,851,0,0,0,true,true
BPlusTree,5,2,0.036015,0.004986,0.02,0.001001,18565,499441,70000,18401,14000,7,18.401,7,69.2476,7,18572,15747,10000,72089,2000,1,144,0,0,0,true,true
BStarTree,5,2,0.044095,0.004,0.023535,0,14034,660204,58649,422452,12043,5.8649,422.452,6.0215,79.139,6,14040,12207,10000,72089,2000,17,300,28066,6489,7545,true,true
BTree,5,3,0.038537,0.004,0.022,0.001,16591,677416,58378,421165,12038,5.8378,421.165,6.019,66.9465,6,16597,14096,10000,72183,2000,69,807,0,0,0,true,true
BPlusTree,5,3,0.035512,0.005016,0.017676,0.001004,18565,499441,70000,18396,14000,7,18.396,7,69.2476,7,18572,15747,10000,72183,2000,1,167,0,0,0,true,true
BStarTree,5,3,0.043145,0.004,0.022019,0.001001,14034,660204,58552,422938,12032,5.8552,422.938,6.016,79.139,6,14040,12207,10000,72183,2000,14,657,28066,6489,7545,true,true
BTree,5,4,0.035092,0.004,0.023025,0.001,16591,677416,58345,423062,12056,5.8345,423.062,6.028,66.9465,6,16597,14096,10000,72519,2000,89,779,0,0,0,true,true
BPlusTree,5,4,0.035031,0.004,0.016004,0.002,18565,499441,70000,18412,14000,7,18.412,7,69.2476,7,18572,15747,10000,72519,2000,3,148,0,0,0,true,true
BStarTree,5,4,0.04351,0.00444,0.022819,0.001001,14034,660204,58528,424939,12039,5.8528,424.939,6.0195,79.139,6,14040,12207,10000,72519,2000,17,602,28066,6489,7545,true,true
BTree,5,5,0.036508,0.005001,0.022174,0,16591,677416,58320,423662,12057,5.832,423.662,6.0285,66.9465,6,16597,14096,10000,72617,2000,102,791,0,0,0,true,true
BPlusTree,5,5,0.037004,0.004,0.018012,0.001,18565,499441,70000,18440,14000,7,18.44,7,69.2476,7,18572,15747,10000,72617,2000,2,158,0,0,0,true,true
BStarTree,5,5,0.046093,0.004001,0.022765,0.001,14034,660204,58603,425507,12048,5.8603,425.507,6.024,79.139,6,14040,12207,10000,72617,2000,13,259,28066,6489,7545,true,true
BTree,5,6,0.035009,0.005001,0.032505,0,16591,677416,58309,423675,12052,5.8309,423.675,6.026,66.9465,6,16597,14096,10000,72616,2000,83,753,0,0,0,true,true
BPlusTree,5,6,0.037555,0.004,0.016,0.001,18565,499441,70000,18417,14000,7,18.417,7,69.2476,7,18572,15747,10000,72616,2000,1,167,0,0,0,true,true
BStarTree,5,6,0.051793,0.004009,0.021783,0,14034,660204,58631,425569,12037,5.8631,425.569,6.0185,79.139,6,14040,12207,10000,72616,2000,13,682,28066,6489,7545,true,true
BTree,5,7,0.034231,0.004008,0.026337,0.001044,16591,677416,58293,423435,12044,5.8293,423.435,6.022,66.9465,6,16597,14096,10000,72568,2000,91,724,0,0,0,true,true
BPlusTree,5,7,0.045059,0.005767,0.012038,0,18565,499441,70000,18451,14000,7,18.451,7,69.2476,7,18572,15747,10000,72568,2000,2,152,0,0,0,true,true
BStarTree,5,7,0.048311,0.00375,0.02876,0.002006,14034,660204,58598,425236,12036,5.8598,425.236,6.018,79.139,6,14040,12207,10000,72568,2000,14,702,28066,6489,7545,true,true
BTree,5,8,0.037259,0.004009,0.027548,0.002006,16591,677416,58371,421710,12051,5.8371,421.71,6.0255,66.9465,6,16597,14096,10000,72294,2000,91,748,0,0,0,true,true
BPlusTree,5,8,0.035028,0.005808,0.019998,0.001504,18565,499441,70000,18388,14000,7,18.388,7,69.2476,7,18572,15747,10000,72294,2000,2,152,0,0,0,true,true
BStarTree,5,8,0.047435,0,0.031654,0,14034,660204,58527,423646,12039,5.8527,423.646,6.0195,79.139,6,14040,12207,10000,72294,2000,17,243,28066,6489,7545,true,true
BTree,5,9,0.035352,0.004008,0.01611,0,16591,677416,58247,421443,12058,5.8247,421.443,6.029,66.9465,6,16597,14096,10000,72243,2000,96,1019,0,0,0,true,true
BPlusTree,5,9,0.041253,0.005806,0.02251,0.002001,18565,499441,70000,18406,14000,7,18.406,7,69.2476,7,18572,15747,10000,72243,2000,4,166,0,0,0,true,true
BStarTree,5,9,0.04366,0.003001,0.028,0.001001,14034,660204,58615,423277,12043,5.8615,423.277,6.0215,79.139,6,14040,12207,10000,72243,2000,11,673,28066,6489,7545,true,true
BTree,5,10,0.037,0.004001,0.026,0.001001,16591,677416,58405,421599,12052,5.8405,421.599,6.026,66.9465,6,16597,14096,10000,72264,2000,88,1063,0,0,0,true,true
BPlusTree,5,10,0.036033,0.004985,0.016129,0.000997,18565,499441,70000,18348,14000,7,18.348,7,69.2476,7,18572,15747,10000,72264,2000,4,164,0,0,0,true,true
BStarTree,5,10,0.046094,0.004,0.022507,0.001001,14034,660204,58557,423385,12029,5.8557,423.385,6.0145,79.139,6,14040,12207,10000,72264,2000,17,691,28066,6489,7545,true,true
BTree,10,1,0.038529,0.004995,0.028002,0.000998,7709,543596,49258,356576,10010,4.9258,356.576,5.005,68.2286,5,7714,7150,10000,72437,2000,8,261,0,0,0,true,true
BPlusTree,10,1,0.035293,0.004999,0.022002,0.001999,8079,349670,50000,10436,10000,5,10.436,5,69.9855,5,8084,7496,10000,72437,2000,1,84,0,0,0,true,true
BStarTree,10,1,0.041987,0.004016,0.024525,0,6414,507455,49387,357524,10003,4.9387,357.524,5.0015,81.9934,5,6419,6012,10000,72437,2000,0,76,30105,3813,2601,true,true
BTree,10,2,0.032546,0.003999,0.024,0,7709,543596,49240,354887,10008,4.924,354.887,5.004,68.2286,5,7714,7150,10000,72089,2000,9,829,0,0,0,true,true
BPlusTree,10,2,0.033536,0.004001,0.02,0.001015,8079,349670,50000,10382,10000,5,10.382,5,69.9855,5,8084,7496,10000,72089,2000,0,80,0,0,0,true,true
BStarTree,10,2,0.044039,0.004,0.024003,0,6414,507455,49332,355843,10011,4.9332,355.843,5.0055,81.9934,5,6419,6012,10000,72089,2000,1,67,30105,3813,2601,true,true
BTree,10,3,0.034002,0.003982,0.025019,0.001,7709,543596,49199,355362,10010,4.9199,355.362,5.005,68.2286,5,7714,7150,10000,72183,2000,9,852,0,0,0,true,true
BPlusTree,10,3,0.037006,0.005002,0.021507,0.001001,8079,349670,50000,10395,10000,5,10.395,5,69.9855,5,8084,7496,10000,72183,2000,0,94,0,0,0,true,true
BStarTree,10,3,0.050502,0.006001,0.026999,0,6414,507455,49330,356277,10009,4.933,356.277,5.0045,81.9934,5,6419,6012,10000,72183,2000,1,67,30105,3813,2601,true,true
BTree,10,4,0.032003,0.004001,0.022999,0,7709,543596,49213,357025,10005,4.9213,357.025,5.0025,68.2286,5,7714,7150,10000,72519,2000,9,304,0,0,0,true,true
BPlusTree,10,4,0.031001,0.004,0.018,0.001,8079,349670,50000,10447,10000,5,10.447,5,69.9855,5,8084,7496,10000,72519,2000,2,92,0,0,0,true,true
BStarTree,10,4,0.03898,0.005004,0.024555,0.001001,6414,507455,49389,357949,10008,4.9389,357.949,5.004,81.9934,5,6419,6012,10000,72519,2000,0,76,30105,3813,2601,true,true
BTree,10,5,0.031004,0.004,0.023524,0.001002,7709,543596,49263,357465,10014,4.9263,357.465,5.007,68.2286,5,7714,7150,10000,72617,2000,9,263,0,0,0,true,true
BPlusTree,10,5,0.031401,0.004,0.018,0.002001,8079,349670,50000,10446,10000,5,10.446,5,69.9855,5,8084,7496,10000,72617,2000,0,102,0,0,0,true,true
BStarTree,10,5,0.039507,0.005001,0.024999,0,6414,507455,49329,358395,10011,4.9329,358.395,5.0055,81.9934,5,6419,6012,10000,72617,2000,1,73,30105,3813,2601,true,true
BTree,10,6,0.031015,0.004,0.021986,0.001001,7709,543596,49280,357528,10011,4.928,357.528,5.0055,68.2286,5,7714,7150,10000,72616,2000,17,259,0,0,0,true,true
BPlusTree,10,6,0.030999,0.004001,0.016001,0.000999,8079,349670,50000,10418,10000,5,10.418,5,69.9855,5,8084,7496,10000,72616,2000,0,105,0,0,0,true,true
BStarTree,10,6,0.045002,0.002999,0.022018,0.001001,6414,507455,49367,358431,10010,4.9367,358.431,5.005,81.9934,5,6419,6012,10000,72616,2000,0,74,30105,3813,2601,true,true
BTree,10,7,0.031001,0.004001,0.02353,0.001,7709,543596,49264,357257,10011,4.9264,357.257,5.0055,68.2286,5,7714,7150,10000,72568,2000,13,261,0,0,0,true,true
BPlusTree,10,7,0.033272,0.004,0.017558,0.001,8079,349670,50000,10435,10000,5,10.435,5,69.9855,5,8084,7496,10000,72568,2000,0,99,0,0,0,true,true
BStarTree,10,7,0.038551,0.002998,0.029884,0.001407,6414,507455,49327,358190,10008,4.9327,358.19,5.004,81.9934,5,6419,6012,10000,72568,2000,2,62,30105,3813,2601,true,true
BTree,10,8,0.030508,0.004,0.022,0.001,7709,543596,49274,355860,10024,4.9274,355.86,5.012,68.2286,5,7714,7150,10000,72294,2000,12,271,0,0,0,true,true
BPlusTree,10,8,0.030509,0.004,0.019,0.001001,8079,349670,50000,10434,10000,5,10.434,5,69.9855,5,8084,7496,10000,72294,2000,0,79,0,0,0,true,true
BStarTree,10,8,0.039,0.004,0.02,0,6414,507455,49353,356878,10004,4.9353,356.878,5.002,81.9934,5,6419,6012,10000,72294,2000,0,74,30105,3813,2601,true,true
BTree,10,9,0.033015,0.004989,0.030005,0.001,7709,543596,49174,355607,10021,4.9174,355.607,5.0105,68.2286,5,7714,7150,10000,72243,2000,9,267,0,0,0,true,true
BPlusTree,10,9,0.034,0.005003,0.016003,0.001,8079,349670,50000,10414,10000,5,10.414,5,69.9855,5,8084,7496,10000,72243,2000,0,89,0,0,0,true,true
BStarTree,10,9,0.041511,0.004001,0.024001,0,6414,507455,49340,356543,10005,4.934,356.543,5.0025,81.9934,5,6419,6012,10000,72243,2000,0,82,30105,3813,2601,true,true
BTree,10,10,0.031529,0.004001,0.022,0.001001,7709,543596,49210,355780,10015,4.921,355.78,5.0075,68.2286,5,7714,7150,10000,72264,2000,8,791,0,0,0,true,true
BPlusTree,10,10,0.030632,0.003001,0.015014,0.001,8079,349670,50000,10394,10000,5,10.394,5,69.9855,5,8084,7496,10000,72264,2000,2,86,0,0,0,true,true
BStarTree,10,10,0.039506,0.004001,0.019999,0,6414,507455,49414,356691,10009,4.9414,356.691,5.0045,81.9934,5,6419,6012,10000,72264,2000,1,66,30105,3813,2601,true,true
